31-Jan-26,3.95%
28-Feb-26,2.66%
31-Mar-26,-0.28%
30-Apr-26,1.63%
31-May-26,-0.75%
30-Jun-26,2.17%
31-Jul-26,1.84%
31-Aug-26,5.70%
30-Sep-26,2.14%
31-Oct-26,2.90%
30-Nov-26,4.02%
31-Dec-26,2.04%
31-Jan-27,8.73%
28-Feb-27,3.97%
31-Mar-27,0.31%
30-Apr-27,4.33%
31-May-27,-2.10%
30-Jun-27,-4.18%
31-Jul-27,2.25%
31-Aug-27,0.09%
30-Sep-27,0.31%
31-Oct-27,0.84%
30-Nov-27,-3.29%
31-Dec-27,5.12%
31-Jan-28,4.41%
29-Feb-28,-0.86%
31-Mar-28,3.19%
30-Apr-28,5.88%
31-May-28,2.68%
30-Jun-28,-0.79%
31-Jul-28,-2.58%
31-Aug-28,3.51%
30-Sep-28,1.70%
31-Oct-28,0.12%
30-Nov-28,1.84%
31-Dec-28,1.47%
31-Jan-29,4.59%
28-Feb-29,-0.13%
31-Mar-29,-0.95%
30-Apr-29,-1.68%
31-May-29,-1.54%
30-Jun-29,-0.33%
31-Jul-29,1.09%
31-Aug-29,0.60%
30-Sep-29,1.10%
31-Oct-29,-3.75%
30-Nov-29,-4.40%
31-Dec-29,-1.16%
31-Jan-30,3.05%
28-Feb-30,-0.80%
31-Mar-30,-0.92%
30-Apr-30,1.55%
31-May-30,-2.39%
30-Jun-30,-4.49%
31-Jul-30,-0.95%
31-Aug-30,-4.01%
30-Sep-30,-0.39%
31-Oct-30,-4.26%
30-Nov-30,-2.86%
31-Dec-30,-5.02%
31-Jan-31,-0.34%
28-Feb-31,2.13%
31-Mar-31,1.28%
30-Apr-31,-2.45%
31-May-31,-7.18%
30-Jun-31,-0.80%
31-Jul-31,-1.66%
31-Aug-31,-2.05%
30-Sep-31,-14.06%
31-Oct-31,-5.18%
30-Nov-31,-1.08%
31-Dec-31,-10.01%
31-Jan-32,7.07%
29-Feb-32,6.54%
31-Mar-32,-1.91%
30-Apr-32,-5.76%
31-May-32,-5.14%
30-Jun-32,-0.53%
31-Jul-32,2.23%
31-Aug-32,5.39%
30-Sep-32,5.48%
31-Oct-32,-3.24%
30-Nov-32,0.65%
31-Dec-32,4.02%
31-Jan-33,2.49%
28-Feb-33,-0.82%
31-Mar-33,1.30%
30-Apr-33,5.81%
31-May-33,16.14%
30-Jun-33,8.03%
31-Jul-33,14.57%
31-Aug-33,-1.47%
30-Sep-33,6.05%
31-Oct-33,-0.98%
30-Nov-33,10.36%
31-Dec-33,-0.70%
31-Jan-34,2.13%
28-Feb-34,4.57%
31-Mar-34,1.04%
30-Apr-34,0.69%
31-May-34,-0.04%
30-Jun-34,-1.08%
31-Jul-34,-0.62%
31-Aug-34,1.66%
30-Sep-34,1.23%
31-Oct-34,-0.32%
30-Nov-34,-1.27%
31-Dec-34,1.03%
31-Jan-35,3.95%
28-Feb-35,1.14%
31-Mar-35,-1.01%
30-Apr-35,1.11%
31-May-35,4.05%
30-Jun-35,1.96%
31-Jul-35,0.51%
31-Aug-35,0.82%
30-Sep-35,-3.03%
31-Oct-35,-1.11%
30-Nov-35,0.79%
31-Dec-35,1.94%
31-Jan-36,4.35%
29-Feb-36,4.04%
31-Mar-36,-1.62%
30-Apr-36,-0.10%
31-May-36,-1.10%
30-Jun-36,0.20%
31-Jul-36,-0.57%
31-Aug-36,0.43%
30-Sep-36,2.33%
31-Oct-36,-1.54%
30-Nov-36,2.09%
31-Dec-36,1.68%
31-Jan-37,4.92%
28-Feb-37,0.95%
31-Mar-37,-0.05%
30-Apr-37,-2.47%
31-May-37,-0.28%
30-Jun-37,0.71%
31-Jul-37,-2.29%
31-Aug-37,0.85%
30-Sep-37,-1.90%
31-Oct-37,-1.54%
30-Nov-37,-1.06%
31-Dec-37,-0.78%
31-Jan-38,1.43%
28-Feb-38,0.04%
31-Mar-38,-2.73%
30-Apr-38,-0.22%
31-May-38,-0.44%
30-Jun-38,-2.89%
31-Jul-38,-0.54%
31-Aug-38,-2.31%
30-Sep-38,-1.97%
31-Oct-38,1.26%
30-Nov-38,1.15%
31-Dec-38,0.17%
31-Jan-39,-4.20%
28-Feb-39,1.17%
31-Mar-39,0.71%
30-Apr-39,-0.26%
31-May-39,0.67%
30-Jun-39,0.90%
31-Jul-39,-0.46%
31-Aug-39,-0.89%
30-Sep-39,-7.85%
31-Oct-39,1.96%
30-Nov-39,5.12%
31-Dec-39,3.36%
31-Jan-40,1.84%
29-Feb-40,1.82%
31-Mar-40,2.78%
30-Apr-40,-0.70%
31-May-40,-4.20%
30-Jun-40,1.06%
31-Jul-40,-0.22%
31-Aug-40,3.79%
30-Sep-40,4.43%
31-Oct-40,1.91%
30-Nov-40,3.14%
31-Dec-40,-1.01%
31-Jan-41,1.54%
28-Feb-41,-0.44%
31-Mar-41,8.52%
30-Apr-41,7.80%
31-May-41,2.23%
30-Jun-41,2.00%
31-Jul-41,2.32%
31-Aug-41,5.78%
30-Sep-41,1.97%
31-Oct-41,-2.78%
30-Nov-41,1.78%
31-Dec-41,1.60%
31-Jan-42,3.14%
28-Feb-42,1.07%
31-Mar-42,1.51%
30-Apr-42,1.89%
31-May-42,1.01%
30-Jun-42,-0.53%
31-Jul-42,1.12%
31-Aug-42,4.76%
30-Sep-42,0.55%
31-Oct-42,1.16%
30-Nov-42,-2.57%
31-Dec-42,-16.81%
31-Jan-43,3.48%
28-Feb-43,2.24%
31-Mar-43,-1.24%
30-Apr-43,0.19%
31-May-43,1.33%
30-Jun-43,1.06%
31-Jul-43,1.58%
31-Aug-43,2.16%
30-Sep-43,2.99%
31-Oct-43,0.89%
30-Nov-43,-0.38%
31-Dec-43,2.12%
31-Jan-44,-2.04%
29-Feb-44,0.23%
31-Mar-44,1.15%
30-Apr-44,0.88%
31-May-44,3.42%
30-Jun-44,5.20%
31-Jul-44,3.15%
31-Aug-44,2.30%
30-Sep-44,-3.58%
31-Oct-44,-28.25%
30-Nov-44,-5.29%
31-Dec-44,0.19%
31-Jan-45,2.01%
28-Feb-45,0.49%
31-Mar-45,-0.84%
30-Apr-45,-1.34%
31-May-45,-4.57%
30-Jun-45,-1.39%
31-Jul-45,-3.02%
31-Aug-45,6.41%
30-Sep-45,0.20%
31-Oct-45,0.76%
30-Nov-45,-2.52%
31-Dec-45,-4.12%
31-Jan-46,-50.86%
28-Feb-46,3.58%
31-Mar-46,1.25%
30-Apr-46,-0.14%
31-May-46,7.78%
30-Jun-46,2.91%
31-Jul-46,4.24%
31-Aug-46,7.52%
30-Sep-46,4.47%
31-Oct-46,9.76%
30-Nov-46,-2.39%
31-Dec-46,5.48%
31-Jan-47,3.96%
28-Feb-47,1.06%
31-Mar-47,5.60%
30-Apr-47,6.93%
31-May-47,-2.36%
30-Jun-47,-3.77%
31-Jul-47,-3.77%
31-Aug-47,4.41%
30-Sep-47,-4.69%
31-Oct-47,-4.04%
30-Nov-47,0.33%
31-Dec-47,-1.60%
31-Jan-48,0.37%
29-Feb-48,-5.94%
31-Mar-48,0.59%
30-Apr-48,3.74%
31-May-48,0.76%
30-Jun-48,-1.40%
31-Jul-48,-17.19%
31-Aug-48,-6.65%
30-Sep-48,-4.43%
31-Oct-48,7.90%
30-Nov-48,-1.35%
31-Dec-48,0.28%
31-Jan-49,0.99%
28-Feb-49,2.31%
31-Mar-49,-3.60%
30-Apr-49,2.55%
31-May-49,-6.42%
30-Jun-49,-6.44%
31-Jul-49,4.20%
31-Aug-49,0.18%
30-Sep-49,-6.69%
31-Oct-49,-1.13%
30-Nov-49,-2.96%
31-Dec-49,2.16%
31-Jan-50,3.71%
28-Feb-50,-0.90%
31-Mar-50,3.49%
30-Apr-50,1.10%
31-May-50,2.18%
30-Jun-50,1.05%
31-Jul-50,-4.33%
31-Aug-50,5.48%
30-Sep-50,5.51%
31-Oct-50,-1.43%
30-Nov-50,-0.21%
31-Dec-50,-3.48%
31-Jan-51,7.18%
28-Feb-51,7.15%
31-Mar-51,-0.45%
30-Apr-51,3.79%
31-May-51,3.40%
30-Jun-51,1.83%
31-Jul-51,-3.36%
31-Aug-51,1.61%
30-Sep-51,0.93%
31-Oct-51,-1.31%
30-Nov-51,-5.89%
31-Dec-51,3.31%
31-Jan-52,-0.48%
29-Feb-52,-1.35%
31-Mar-52,1.39%
30-Apr-52,4.44%
31-May-52,-0.59%
30-Jun-52,1.41%
31-Jul-52,3.47%
31-Aug-52,-0.36%
30-Sep-52,3.51%
31-Oct-52,1.59%
30-Nov-52,-0.53%
31-Dec-52,1.27%
31-Jan-53,4.13%
28-Feb-53,2.70%
31-Mar-53,0.33%
30-Apr-53,-2.97%
31-May-53,-0.06%
30-Jun-53,2.31%
31-Jul-53,5.17%
31-Aug-53,1.97%
30-Sep-53,2.86%
31-Oct-53,2.60%
30-Nov-53,2.26%
31-Dec-53,1.81%
31-Jan-54,3.34%
28-Feb-54,4.02%
31-Mar-54,1.01%
30-Apr-54,4.76%
31-May-54,3.18%
30-Jun-54,-0.31%
31-Jul-54,2.97%
31-Aug-54,7.83%
30-Sep-54,4.05%
31-Oct-54,3.68%
30-Nov-54,2.59%
31-Dec-54,3.56%
31-Jan-55,4.34%
28-Feb-55,-0.24%
31-Mar-55,3.27%
30-Apr-55,6.16%
31-May-55,-1.67%
30-Jun-55,0.56%
31-Jul-55,3.88%
31-Aug-55,-0.21%
30-Sep-55,-2.64%
31-Oct-55,-0.50%
30-Nov-55,-2.53%
31-Dec-55,0.45%
31-Jan-56,-2.91%
29-Feb-56,-0.72%
31-Mar-56,-0.75%
30-Apr-56,6.23%
31-May-56,-0.24%
30-Jun-56,0.08%
31-Jul-56,0.39%
31-Aug-56,1.53%
30-Sep-56,0.25%
31-Oct-56,1.99%
30-Nov-56,-6.39%
31-Dec-56,4.27%
31-Jan-57,4.62%
28-Feb-57,2.40%
31-Mar-57,2.61%
30-Apr-57,5.90%
31-May-57,0.14%
30-Jun-57,4.25%
31-Jul-57,3.38%
31-Aug-57,-2.83%
30-Sep-57,-2.57%
31-Oct-57,-7.37%
30-Nov-57,-2.17%
31-Dec-57,3.25%
31-Jan-58,2.31%
28-Feb-58,-2.74%
31-Mar-58,-0.24%
30-Apr-58,-0.83%
31-May-58,0.51%
30-Jun-58,5.12%
31-Jul-58,-0.40%
31-Aug-58,2.84%
30-Sep-58,3.54%
31-Oct-58,2.05%
30-Nov-58,1.82%
31-Dec-58,-0.07%
31-Jan-59,6.81%
28-Feb-59,2.39%
31-Mar-59,2.26%
30-Apr-59,3.17%
31-May-59,5.55%
30-Jun-59,3.46%
31-Jul-59,4.33%
31-Aug-59,4.94%
30-Sep-59,0.29%
31-Oct-59,6.76%
30-Nov-59,4.07%
31-Dec-59,3.61%
31-Jan-60,-1.03%
29-Feb-60,-0.34%
31-Mar-60,-0.03%
30-Apr-60,2.10%
31-May-60,4.50%
30-Jun-60,2.76%
31-Jul-60,5.47%
31-Aug-60,3.10%
30-Sep-60,-2.61%
31-Oct-60,-3.55%
30-Nov-60,-2.04%
31-Dec-60,2.14%
31-Jan-61,3.62%
28-Feb-61,2.72%
31-Mar-61,4.23%
30-Apr-61,3.28%
31-May-61,1.16%
30-Jun-61,-2.10%
31-Jul-61,-4.86%
31-Aug-61,-1.98%
30-Sep-61,-1.27%
31-Oct-61,-1.56%
30-Nov-61,3.38%
31-Dec-61,1.98%
31-Jan-62,-0.11%
28-Feb-62,2.82%
31-Mar-62,1.55%
30-Apr-62,1.97%
31-May-62,-6.83%
30-Jun-62,-3.55%
31-Jul-62,-0.89%
31-Aug-62,1.28%
30-Sep-62,-0.59%
31-Oct-62,-1.09%
30-Nov-62,3.63%
31-Dec-62,1.79%
31-Jan-63,-0.15%
28-Feb-63,-0.28%
31-Mar-63,0.04%
30-Apr-63,-0.34%
31-May-63,-0.02%
30-Jun-63,-1.12%
31-Jul-63,0.79%
31-Aug-63,3.59%
30-Sep-63,0.24%
31-Oct-63,-0.16%
30-Nov-63,-0.56%
31-Dec-63,-0.88%
31-Jan-64,2.18%
29-Feb-64,-2.63%
31-Mar-64,-0.31%
30-Apr-64,-0.27%
31-May-64,-2.53%
30-Jun-64,-1.92%
31-Jul-64,3.19%
31-Aug-64,3.70%
30-Sep-64,-1.75%
31-Oct-64,-2.07%
30-Nov-64,-0.30%
31-Dec-64,-0.55%
31-Jan-65,0.51%
28-Feb-65,-0.32%
31-Mar-65,-1.75%
30-Apr-65,0.64%
31-May-65,-0.34%
30-Jun-65,-3.24%
31-Jul-65,-0.65%
31-Aug-65,2.33%
30-Sep-65,0.27%
31-Oct-65,2.21%
30-Nov-65,1.36%
31-Dec-65,2.05%
31-Jan-66,4.20%
28-Feb-66,-5.63%
31-Mar-66,-2.33%
30-Apr-66,-0.92%
31-May-66,-1.06%
30-Jun-66,0.23%
31-Jul-66,-1.62%
31-Aug-66,-3.28%
30-Sep-66,-1.06%
31-Oct-66,-2.22%
30-Nov-66,-0.03%
31-Dec-66,2.57%
31-Jan-67,-0.87%
28-Feb-67,0.68%
31-Mar-67,0.59%
30-Apr-67,1.62%
31-May-67,1.37%
30-Jun-67,0.60%
31-Jul-67,1.26%
31-Aug-67,2.55%
30-Sep-67,6.27%
31-Oct-67,3.61%
30-Nov-67,-3.45%
31-Dec-67,-1.23%
31-Jan-68,2.08%
29-Feb-68,1.86%
31-Mar-68,3.29%
30-Apr-68,6.76%
31-May-68,1.87%
30-Jun-68,-1.31%
31-Jul-68,0.02%
31-Aug-68,2.28%
30-Sep-68,2.82%
31-Oct-68,-1.14%
30-Nov-68,0.17%
31-Dec-68,2.43%
31-Jan-69,4.43%
28-Feb-69,0.34%
31-Mar-69,2.88%
30-Apr-69,-1.45%
31-May-69,0.60%
30-Jun-69,-1.77%
31-Jul-69,-5.07%
31-Aug-69,0.98%
30-Sep-69,2.13%
31-Oct-69,0.81%
30-Nov-69,2.22%
31-Dec-69,4.35%
31-Jan-70,-1.08%
28-Feb-70,-2.26%
31-Mar-70,1.60%
30-Apr-70,-8.28%
31-May-70,-4.93%
30-Jun-70,2.23%
31-Jul-70,4.03%
31-Aug-70,0.46%
30-Sep-70,0.76%
31-Oct-70,-0.78%
30-Nov-70,-4.25%
31-Dec-70,2.15%
31-Jan-71,4.09%
28-Feb-71,0.93%
31-Mar-71,4.35%
30-Apr-71,3.89%
31-May-71,1.91%
30-Jun-71,2.39%
31-Jul-71,4.28%
31-Aug-71,-1.39%
30-Sep-71,-1.49%
31-Oct-71,-3.13%
30-Nov-71,3.32%
31-Dec-71,8.89%
31-Jan-72,5.82%
29-Feb-72,6.56%
31-Mar-72,3.30%
30-Apr-72,2.40%
31-May-72,3.25%
30-Jun-72,-2.65%
31-Jul-72,5.40%
31-Aug-72,1.12%
30-Sep-72,-3.25%
31-Oct-72,1.06%
30-Nov-72,6.59%
31-Dec-72,3.32%
31-Jan-73,1.73%
28-Feb-73,8.27%
31-Mar-73,0.63%
30-Apr-73,-5.60%
31-May-73,2.44%
30-Jun-73,2.48%
31-Jul-73,-1.23%
31-Aug-73,-5.07%
30-Sep-73,-0.66%
31-Oct-73,2.16%
30-Nov-73,-14.38%
31-Dec-73,-4.08%
31-Jan-74,0.68%
28-Feb-74,3.33%
31-Mar-74,-2.58%
30-Apr-74,2.70%
31-May-74,-3.89%
30-Jun-74,-4.51%
31-Jul-74,-5.05%
31-Aug-74,-10.28%
30-Sep-74,-7.23%
31-Oct-74,0.92%
30-Nov-74,3.21%
31-Dec-74,-0.99%
31-Jan-75,17.87%
28-Feb-75,13.21%
31-Mar-75,-1.05%
30-Apr-75,4.74%
31-May-75,-0.74%
30-Jun-75,-3.88%
31-Jul-75,-4.10%
31-Aug-75,-0.13%
30-Sep-75,-4.53%
31-Oct-75,8.64%
30-Nov-75,2.39%
31-Dec-75,2.16%
31-Jan-76,5.30%
29-Feb-76,-0.75%
31-Mar-76,-1.68%
30-Apr-76,-0.45%
31-May-76,-2.70%
30-Jun-76,1.68%
31-Jul-76,-1.17%
31-Aug-76,0.07%
30-Sep-76,-1.72%
31-Oct-76,-6.37%
30-Nov-76,1.23%
31-Dec-76,11.26%
31-Jan-77,-0.58%
28-Feb-77,2.22%
31-Mar-77,0.33%
30-Apr-77,2.94%
31-May-77,-0.40%
30-Jun-77,2.25%
31-Jul-77,-1.49%
31-Aug-77,4.43%
30-Sep-77,2.99%
31-Oct-77,2.52%
30-Nov-77,-0.83%
31-Dec-77,3.74%
31-Jan-78,1.31%
28-Feb-78,1.18%
31-Mar-78,7.31%
30-Apr-78,-0.70%
31-May-78,2.08%
30-Jun-78,4.54%
31-Jul-78,8.74%
31-Aug-78,2.06%
30-Sep-78,3.01%
31-Oct-78,5.79%
30-Nov-78,-9.27%
31-Dec-78,4.99%
31-Jan-79,0.63%
28-Feb-79,-0.50%
31-Mar-79,2.34%
30-Apr-79,-0.37%
31-May-79,-2.06%
30-Jun-79,1.81%
31-Jul-79,1.20%
31-Aug-79,2.43%
30-Sep-79,4.41%
31-Oct-79,-7.96%
30-Nov-79,1.27%
31-Dec-79,3.39%
31-Jan-80,4.84%
29-Feb-80,-0.40%
31-Mar-80,-10.62%
30-Apr-80,9.46%
31-May-80,4.67%
30-Jun-80,6.39%
31-Jul-80,-0.50%
31-Aug-80,3.47%
30-Sep-80,3.50%
31-Oct-80,4.21%
30-Nov-80,-2.02%
31-Dec-80,0.51%
31-Jan-81,-1.37%
28-Feb-81,-1.32%
31-Mar-81,3.61%
30-Apr-81,2.72%
31-May-81,-4.21%
30-Jun-81,0.71%
31-Jul-81,-4.04%
31-Aug-81,2.37%
30-Sep-81,-9.93%
31-Oct-81,1.66%
30-Nov-81,11.13%
31-Dec-81,-0.92%
31-Jan-82,-0.66%
28-Feb-82,-6.36%
31-Mar-82,-4.85%
30-Apr-82,6.50%
31-May-82,-1.30%
30-Jun-82,-7.47%
31-Jul-82,-1.15%
31-Aug-82,0.07%
30-Sep-82,-0.63%
31-Oct-82,0.43%
30-Nov-82,8.03%
31-Dec-82,7.98%
31-Jan-83,-0.84%
28-Feb-83,2.79%
31-Mar-83,3.90%
30-Apr-83,5.73%
31-May-83,-0.47%
30-Jun-83,2.30%
31-Jul-83,0.25%
31-Aug-83,-1.58%
30-Sep-83,3.91%
31-Oct-83,-0.06%
30-Nov-83,2.40%
31-Dec-83,4.18%
31-Jan-84,4.49%
29-Feb-84,0.93%
31-Mar-84,9.42%
30-Apr-84,-1.63%
31-May-84,-10.13%
30-Jun-84,-0.09%
31-Jul-84,-6.38%
31-Aug-84,8.51%
30-Sep-84,-0.85%
31-Oct-84,2.54%
30-Nov-84,0.41%
31-Dec-84,2.04%
31-Jan-85,2.28%
28-Feb-85,-0.56%
31-Mar-85,7.79%
30-Apr-85,-0.31%
31-May-85,4.28%
30-Jun-85,2.60%
31-Jul-85,5.20%
31-Aug-85,3.24%
30-Sep-85,5.88%
31-Oct-85,6.83%
30-Nov-85,4.13%
31-Dec-85,4.77%
31-Jan-86,2.54%
28-Feb-86,11.11%
31-Mar-86,14.09%
30-Apr-86,6.58%
31-May-86,-4.42%
30-Jun-86,6.84%
31-Jul-86,6.19%
31-Aug-86,9.88%
30-Sep-86,-1.00%
31-Oct-86,-6.66%
30-Nov-86,5.79%
31-Dec-86,5.32%
31-Jan-87,10.64%
28-Feb-87,3.02%
31-Mar-87,8.22%
30-Apr-87,10.60%
31-May-87,0.02%
30-Jun-87,-3.17%
31-Jul-87,-0.16%
31-Aug-87,7.52%
30-Sep-87,-1.56%
31-Oct-87,-13.99%
30-Nov-87,1.01%
31-Dec-87,2.99%
31-Jan-88,1.81%
29-Feb-88,6.69%
31-Mar-88,6.17%
30-Apr-88,1.47%
31-May-88,-3.18%
30-Jun-88,-2.62%
31-Jul-88,3.16%
31-Aug-88,-6.48%
30-Sep-88,4.39%
31-Oct-88,8.58%
30-Nov-88,5.98%
31-Dec-88,0.57%
31-Jan-89,1.78%
28-Feb-89,0.53%
31-Mar-89,-1.94%
30-Apr-89,0.95%
31-May-89,-5.42%
30-Jun-89,-1.66%
31-Jul-89,12.58%
31-Aug-89,-4.48%
30-Sep-89,4.57%
31-Oct-89,-4.00%
30-Nov-89,5.05%
31-Dec-89,3.71%
31-Jan-90,-3.70%
28-Feb-90,-6.96%
31-Mar-90,-10.40%
30-Apr-90,-0.77%
31-May-90,11.44%
30-Jun-90,-0.86%
31-Jul-90,1.44%
31-Aug-90,-9.68%
30-Sep-90,-13.91%
31-Oct-90,15.61%
30-Nov-90,-5.87%
31-Dec-90,1.66%
31-Jan-91,3.26%
28-Feb-91,10.75%
31-Mar-91,-5.98%
30-Apr-91,1.01%
31-May-91,1.07%
30-Jun-91,-7.32%
31-Jul-91,4.94%
31-Aug-91,-2.01%
30-Sep-91,5.67%
31-Oct-91,1.44%
30-Nov-91,-4.64%
31-Dec-91,5.20%
31-Jan-92,-2.11%
29-Feb-92,-3.55%
31-Mar-92,-6.57%
30-Apr-92,0.50%
31-May-92,6.72%
30-Jun-92,-4.71%
31-Jul-92,-2.53%
31-Aug-92,6.31%
30-Sep-92,-1.94%
31-Oct-92,-5.22%
30-Nov-92,0.97%
31-Dec-92,0.55%
31-Jan-93,0.02%
28-Feb-93,3.05%
31-Mar-93,8.75%
30-Apr-93,9.52%
31-May-93,2.14%
30-Jun-93,-1.54%
31-Jul-93,3.52%
31-Aug-93,5.42%
30-Sep-93,-2.23%
31-Oct-93,3.10%
30-Nov-93,-8.72%
31-Dec-93,7.24%
31-Jan-94,8.48%
28-Feb-94,-0.26%
31-Mar-94,-4.29%
30-Apr-94,4.27%
31-May-94,-0.55%
30-Jun-94,1.44%
31-Jul-94,0.98%
31-Aug-94,2.39%
30-Sep-94,-3.13%
31-Oct-94,3.35%
30-Nov-94,-4.78%
31-Dec-94,0.65%
31-Jan-95,-3.82%
28-Feb-95,-0.26%
31-Mar-95,6.26%
30-Apr-95,3.79%
31-May-95,-1.17%
30-Jun-95,-1.73%
31-Jul-95,6.25%
31-Aug-95,-3.79%
30-Sep-95,1.98%
31-Oct-95,-2.66%
30-Nov-95,2.81%
31-Dec-95,4.06%
31-Jan-96,0.43%
29-Feb-96,0.36%
31-Mar-96,2.15%
30-Apr-96,2.93%
31-May-96,-1.82%
30-Jun-96,0.59%
31-Jul-96,-2.90%
31-Aug-96,0.24%
30-Sep-96,2.68%
31-Oct-96,-1.00%
30-Nov-96,4.00%
31-Dec-96,-1.26%
31-Jan-97,-3.48%
28-Feb-97,1.66%
31-Mar-97,0.39%
30-Apr-97,0.56%
31-May-97,6.53%
30-Jun-97,5.54%
31-Jul-97,1.64%
31-Aug-97,-7.45%
30-Sep-97,5.62%
31-Oct-97,-7.66%
30-Nov-97,-1.00%
31-Dec-97,0.89%
31-Jan-98,4.60%
28-Feb-98,6.44%
31-Mar-98,3.10%
30-Apr-98,0.81%
31-May-98,-0.46%
30-Jun-98,0.78%
31-Jul-98,1.04%
31-Aug-98,-12.37%
30-Sep-98,-3.04%
31-Oct-98,10.45%
30-Nov-98,5.15%
31-Dec-98,3.92%
31-Jan-99,-0.38%
28-Feb-99,-2.44%
31-Mar-99,4.38%
30-Apr-99,4.11%
31-May-99,-4.94%
30-Jun-99,4.01%
31-Jul-99,2.94%
31-Aug-99,0.42%
30-Sep-99,1.02%
31-Oct-99,3.67%
30-Nov-99,3.44%
31-Dec-99,8.92%
31-Jan-00,-6.42%
29-Feb-00,2.67%
31-Mar-00,4.01%
30-Apr-00,-5.19%
31-May-00,-2.27%
30-Jun-00,3.98%
31-Jul-00,-4.22%
31-Aug-00,0.91%
30-Sep-00,-4.86%
31-Oct-00,-2.42%
30-Nov-00,-3.79%
31-Dec-00,3.50%
31-Jan-01,-0.05%
28-Feb-01,-7.49%
31-Mar-01,-6.62%
30-Apr-01,7.01%
31-May-01,-3.45%
30-Jun-01,-4.05%
31-Jul-01,-1.81%
31-Aug-01,-2.51%
30-Sep-01,-10.11%
31-Oct-01,2.56%
30-Nov-01,3.69%
31-Dec-01,0.60%
31-Jan-02,-5.31%
28-Feb-02,0.71%
31-Mar-02,5.46%
30-Apr-02,0.72%
31-May-02,1.36%
30-Jun-02,-3.94%
31-Jul-02,-9.86%
31-Aug-02,-0.20%
30-Sep-02,-10.72%
31-Oct-02,5.38%
30-Nov-02,4.55%
31-Dec-02,-3.36%
31-Jan-03,-4.17%
28-Feb-03,-2.29%
31-Mar-03,-1.89%
30-Apr-03,9.92%
31-May-03,6.15%
30-Jun-03,2.48%
31-Jul-03,2.44%
31-Aug-03,2.43%
30-Sep-03,3.10%
31-Oct-03,6.24%
30-Nov-03,2.24%
31-Dec-03,7.82%
31-Jan-04,1.42%
29-Feb-04,2.33%
31-Mar-04,0.60%
30-Apr-04,-2.18%
31-May-04,0.43%
30-Jun-04,2.23%
31-Jul-04,-3.23%
31-Aug-04,0.46%
30-Sep-04,2.63%
31-Oct-04,3.42%
30-Nov-04,6.86%
31-Dec-04,4.39%
31-Jan-05,-1.83%
28-Feb-05,4.34%
31-Mar-05,-2.47%
30-Apr-05,-2.24%
31-May-05,0.15%
30-Jun-05,1.37%
31-Jul-05,3.07%
31-Aug-05,2.56%
30-Sep-05,4.47%
31-Oct-05,-2.91%
30-Nov-05,2.47%
31-Dec-05,4.66%
31-Jan-06,6.15%
28-Feb-06,-0.21%
31-Mar-06,3.35%
30-Apr-06,4.85%
31-May-06,-3.76%
30-Jun-06,0.04%
31-Jul-06,1.00%
31-Aug-06,2.78%
30-Sep-06,0.17%
31-Oct-06,3.90%
30-Nov-06,3.02%
31-Dec-06,3.14%
31-Jan-07,0.68%
28-Feb-07,0.82%
31-Mar-07,3.80%
30-Apr-07,3.32%
31-May-07,1.89%
30-Jun-07,0.15%
31-Jul-07,-1.46%
31-Aug-07,-1.54%
30-Sep-07,5.37%
31-Oct-07,3.94%
30-Nov-07,-3.26%
31-Dec-07,-2.25%
31-Jan-08,-9.23%
29-Feb-08,1.46%
31-Mar-08,-1.00%
30-Apr-08,5.56%
31-May-08,1.16%
30-Jun-08,-8.16%
31-Jul-08,-1.02%
31-Aug-08,-6.14%
30-Sep-08,-14.42%
31-Oct-08,-20.17%
30-Nov-08,-5.36%
31-Dec-08,6.02%
31-Jan-09,-8.47%
28-Feb-09,-11.53%
31-Mar-09,6.39%
30-Apr-09,12.96%
31-May-09,12.01%
30-Jun-09,-0.54%
31-Jul-09,9.14%
31-Aug-09,5.39%
30-Sep-09,3.91%
31-Oct-09,-1.24%
30-Nov-09,2.03%
31-Dec-09,1.45%
31-Jan-10,-4.40%
28-Feb-10,-0.68%
31-Mar-10,6.31%
30-Apr-10,-1.73%
31-May-10,-11.37%
30-Jun-10,-0.97%
31-Jul-10,9.49%
31-Aug-10,-3.09%
30-Sep-10,9.82%
31-Oct-10,3.62%
30-Nov-10,-4.79%
31-Dec-10,8.11%
31-Jan-11,2.37%
28-Feb-11,3.32%
31-Mar-11,-2.20%
30-Apr-11,6.08%
31-May-11,-2.81%
30-Jun-11,-1.23%
31-Jul-11,-0.01%
31-Aug-11,-9.02%
30-Sep-11,-9.50%
31-Oct-11,9.65%
30-Nov-11,-4.83%
31-Dec-11,-0.94%
31-Jan-12,5.35%
29-Feb-12,5.77%
31-Mar-12,-0.40%
30-Apr-12,-1.84%
31-May-12,-11.35%
30-Jun-12,7.05%
31-Jul-12,1.15%
31-Aug-12,2.70%
30-Sep-12,2.99%
31-Oct-12,0.84%
30-Nov-12,2.43%
31-Dec-12,3.21%
31-Jan-13,2.82%
28-Feb-13,-1.18%
28-Mar-13,0.73%
30-Apr-13,3.50%
31-May-13,-3.07%
28-Jun-13,-3.70%
31-Jul-13,4.54%
30-Aug-13,-1.60%
30-Sep-13,7.02%
31-Oct-13,3.53%
29-Nov-13,0.19%
31-Dec-13,1.66%
31-Jan-14,-6.06%
28-Feb-14,5.68%
31-Mar-14,0.52%
30-Apr-14,1.67%
30-May-14,1.69%
30-Jun-14,1.62%
31-Jul-14,-1.54%
29-Aug-14,1.06%
30-Sep-14,-4.81%
31-Oct-14,-0.22%
28-Nov-14,-0.09%
31-Dec-14,-4.08%
30-Jan-15,-0.35%
27-Feb-15,5.55%
31-Mar-15,-1.22%
30-Apr-15,4.79%
29-May-15,-1.13%
30-Jun-15,-3.16%
31-Jul-15,-0.23%
31-Aug-15,-7.44%
30-Sep-15,-4.29%
30-Oct-15,6.56%
30-Nov-15,-1.30%
31-Dec-15,-2.79%
29-Jan-16,-5.55%
29-Feb-16,-2.46%
31-Mar-16,8.19%
29-Apr-16,2.53%
31-May-16,-1.21%
30-Jun-16,-0.78%
29-Jul-16,4.16%
31-Aug-16,0.71%
30-Sep-16,1.49%
31-Oct-16,-1.76%
30-Nov-16,-2.04%
30-Dec-16,1.86%
31-Jan-17,3.82%
28-Feb-17,1.15%
31-Mar-17,3.14%
28-Apr-17,2.16%
31-May-17,3.07%
30-Jun-17,0.72%
31-Jul-17,3.51%
31-Aug-17,0.42%
29-Sep-17,2.03%
31-Oct-17,1.92%
30-Nov-17,0.43%
29-Dec-17,2.01%
31-Jan-18,5.47%
28-Feb-18,-5.05%
29-Mar-18,-0.66%
30-Apr-18,0.56%
31-May-18,-1.86%
29-Jun-18,-2.19%
31-Jul-18,2.86%
31-Aug-18,-2.30%
28-Sep-18,0.44%
31-Oct-18,-7.97%
30-Nov-18,1.44%
31-Dec-18,-4.90%
31-Jan-19,7.53%
28-Feb-19,1.57%
29-Mar-19,0.96%
30-Apr-19,2.81%
31-May-19,-5.61%
28-Jun-19,5.95%
31-Jul-19,-1.73%
30-Aug-19,-2.39%
30-Sep-19,2.68%
31-Oct-19,3.08%
29-Nov-19,0.99%
31-Dec-19,4.14%
31-Jan-20,-3.42%
28-Feb-20,-6.66%
31-Mar-20,-14.97%
30-Apr-20,6.37%
29-May-20,4.59%
30-Jun-20,4.44%
31-Jul-20,4.02%
31-Aug-20,4.16%
30-Sep-20,-1.84%
30-Oct-20,-2.04%
30-Nov-20,12.61%
31-Dec-20,5.54%
29-Jan-21,0.28%
26-Feb-21,1.97%
31-Mar-21,1.73%
30-Apr-21,2.56%
28-May-21,3.09%
30-Jun-21,-0.38%
30-Jul-21,-1.65%
31-Aug-21,1.45%
30-Sep-21,-3.43%
29-Oct-21,3.00%
30-Nov-21,-4.19%
31-Dec-21,3.34%
31-Jan-22,-2.55%
28-Feb-22,-3.34%
31-Mar-22,-0.19%
29-Apr-22,-6.70%
31-May-22,1.80%
30-Jun-22,-7.80%
29-Jul-22,3.38%
31-Aug-22,-4.84%
29-Sep-22,-9.40%
